{
  "project_info": {
    "project_number": "136410885223",
    "project_id": "whatsapp-2422c",
    "storage_bucket": "whatsapp-2422c.appspot.com"
  },
  "client": [
    {
      "client_info": {
        "mobilesdk_app_id": "1:136410885223:android:0c9edbdca61e0125df78c2",
        "android_client_info": {
          "package_name": "com.example.whatsapp"
        }
      },
      "oauth_client": [],
      "api_key": [
        {
          "current_key": "AIzaSyCuZtNI_x_s51_ilSzMm_WJV6C_MfSc9HA"
        }
      ],
      "services": {
        "appinvite_service": {
          "other_platform_oauth_client": []
        }
      }
    }
  ],
  "configuration_version": "1"
}