{
  "Chat Requests": {
    "4r3rNicocdNt0cxS2ixn48JEa3W2": {
      "n7DCznp4HqND3XnfO0vzwzo3RsH2": {
        "request_type": "received"
      }
    },
    "US0K6dqxF3XtKEIbvxo9fsKX2au1": {
      "WrBOUcvL6pVI2mnFsbdCDiRih552": {
        "request_type": "sent"
      }
    },
    "WrBOUcvL6pVI2mnFsbdCDiRih552": {
      "US0K6dqxF3XtKEIbvxo9fsKX2au1": {
        "request_type": "received"
      },
      "gYdrd7E00Ua2cXCcamyUmp24yr32": {
        "request_type": "sent"
      }
    },
    "gYdrd7E00Ua2cXCcamyUmp24yr32": {
      "WrBOUcvL6pVI2mnFsbdCDiRih552": {
        "request_type": "received"
      }
    },
    "n7DCznp4HqND3XnfO0vzwzo3RsH2": {
      "4r3rNicocdNt0cxS2ixn48JEa3W2": {
        "request_type": "sent"
      }
    }
  },
  "Contacts": {
    "4r3rNicocdNt0cxS2ixn48JEa3W2": {
      "9mnJCeQ8VjQO5birtqWIJh3VY4N2": {
        "Contacts": "Saved"
      },
      "eHN4pPq4nlMVUJ53kjOK4HZ83Z53": {
        "Contacts": "Saved"
      }
    },
    "9mnJCeQ8VjQO5birtqWIJh3VY4N2": {
      "4r3rNicocdNt0cxS2ixn48JEa3W2": {
        "Contacts": "Saved"
      },
      "eHN4pPq4nlMVUJ53kjOK4HZ83Z53": {
        "Contacts": "Saved"
      },
      "gYdrd7E00Ua2cXCcamyUmp24yr32": {
        "Contacts": "Saved"
      }
    },
    "WrBOUcvL6pVI2mnFsbdCDiRih552": {
      "eHN4pPq4nlMVUJ53kjOK4HZ83Z53": {
        "Contact": "saved"
      },
      "n7DCznp4HqND3XnfO0vzwzo3RsH2": {
        "Contact": "saved"
      }
    },
    "eHN4pPq4nlMVUJ53kjOK4HZ83Z53": {
      "4r3rNicocdNt0cxS2ixn48JEa3W2": {
        "Contacts": "Saved"
      },
      "9mnJCeQ8VjQO5birtqWIJh3VY4N2": {
        "Contacts": "Saved"
      },
      "WrBOUcvL6pVI2mnFsbdCDiRih552": {
        "Contact": "saved"
      },
      "gYdrd7E00Ua2cXCcamyUmp24yr32": {
        "Contact": "saved"
      },
      "n7DCznp4HqND3XnfO0vzwzo3RsH2": {
        "Contact": "saved"
      },
      "vZaNVG4R00Spmi07HzzsTg2CNGj1": {
        "Contact": "saved"
      }
    },
    "gYdrd7E00Ua2cXCcamyUmp24yr32": {
      "eHN4pPq4nlMVUJ53kjOK4HZ83Z53": {
        "Contact": "saved"
      }
    },
    "n7DCznp4HqND3XnfO0vzwzo3RsH2": {
      "WrBOUcvL6pVI2mnFsbdCDiRih552": {
        "Contact": "saved"
      },
      "eHN4pPq4nlMVUJ53kjOK4HZ83Z53": {
        "Contact": "saved"
      }
    },
    "vZaNVG4R00Spmi07HzzsTg2CNGj1": {
      "eHN4pPq4nlMVUJ53kjOK4HZ83Z53": {
        "Contact": "saved"
      }
    }
  },
  "Groups": {
    "Dosti katta❤": {
      "-NfVVOfBYiV0Kq_kH_bq": {
        "date": "Sep 29, 2023",
        "message": "heyylo",
        "name": "Atharva Gujar",
        "time": "04:05 PM"
      },
      "-NfVVSZUBfovic8BRNAD": {
        "date": "Sep 29, 2023",
        "message": "this is atharva here..!!",
        "name": "Atharva Gujar",
        "time": "04:05 PM"
      },
      "-NfVVYA06cBl7XETTMv4": {
        "date": "Sep 29, 2023",
        "message": "nice to meet you..!!😉😉",
        "name": "Atharva Gujar",
        "time": "04:05 PM"
      },
      "-NfVVn0BOMTj5rxDJCA7": {
        "date": "Sep 29, 2023",
        "message": "yoo",
        "name": "Atharva Gujar",
        "time": "04:06 PM"
      },
      "-NfVYzUWTAR8BoX7Wgj8": {
        "date": "Sep 29, 2023",
        "message": "heyy",
        "name": "rockey😍",
        "time": "04:20 PM"
      },
      "-NfVZ0reny9xYDqIIuPE": {
        "date": "Sep 29, 2023",
        "message": "rockey here",
        "name": "rockey😍",
        "time": "04:20 PM"
      },
      "-NfVaeq4owCkckaLOmi-": {
        "date": "Sep 29, 2023",
        "message": "tt",
        "name": "Atharva Gujar🥰🥰",
        "time": "04:32 PM"
      },
      "-NfVafpeRinrZUdOWy4N": {
        "date": "Sep 29, 2023",
        "message": "yo8",
        "name": "Atharva Gujar🥰🥰",
        "time": "04:32 PM"
      },
      "-NfVb7fR1IQ0oojzn0IQ": {
        "date": "Sep 29, 2023",
        "message": "hhi",
        "name": "Atharva Gujar🥰🥰",
        "time": "04:34 PM"
      },
      "-NfVb8M5gbm0dDWxz0iM": {
        "date": "Sep 29, 2023",
        "message": "fg",
        "name": "Atharva Gujar🥰🥰",
        "time": "04:34 PM"
      },
      "-NfVbAT1AasHsriu_diA": {
        "date": "Sep 29, 2023",
        "message": "yii",
        "name": "Atharva Gujar🥰🥰",
        "time": "04:34 PM"
      },
      "-NfVbBNUOX2-mmCDhTyz": {
        "date": "Sep 29, 2023",
        "message": "hii",
        "name": "Atharva Gujar🥰🥰",
        "time": "04:34 PM"
      },
      "-NfXFV8XleUoi1q8MpC-": {
        "date": "Sep 30, 2023",
        "message": "hiii",
        "name": "Atharva Gujar🥰🥰",
        "time": "12:14 AM"
      },
      "-NfXFX-xhXKR2wS2H8Ys": {
        "date": "Sep 30, 2023",
        "message": "good night ",
        "name": "Atharva Gujar🥰🥰",
        "time": "12:14 AM"
      },
      "-NfXFeTIJXuNg1zeJLLx": {
        "date": "Sep 30, 2023",
        "message": "good night 🌚💥👑",
        "name": "rockey😍",
        "time": "12:15 AM"
      },
      "-Nfe3IGaAXpeOPwvvTAM": {
        "date": "Oct 01, 2023",
        "message": "hii",
        "name": "atharva ",
        "time": "12:38 PM"
      },
      "-Nfj3gTPFPhGDmJ2OH93": {
        "date": "Oct 02, 2023",
        "message": "beebs",
        "name": "Atharva Gujar 👑",
        "time": "11:58 AM"
      },
      "-NgKTMIn3S9i1zrwE19u": {
        "date": "Oct 09, 2023",
        "message": "hiii",
        "name": "Atharva Gujar🥰🥰",
        "time": "10:56 PM"
      },
      "-NgKUXtVENYoF9c_4Ubm": {
        "date": "Oct 09, 2023",
        "message": "hii",
        "name": "Atharva Gujar🥰🥰",
        "time": "11:01 PM"
      },
      "-NgKUaKHVkXHAepbba7P": {
        "date": "Oct 09, 2023",
        "message": "jhhjhh",
        "name": "Atharva Gujar🥰🥰",
        "time": "11:01 PM"
      },
      "-NgKUg7wFPAIxWQA7EEG": {
        "date": "Oct 09, 2023",
        "message": "yoo",
        "name": "Atharva Gujar🥰🥰",
        "time": "11:01 PM"
      },
      "-NgKUh1PGMwDXgfRwch_": {
        "date": "Oct 09, 2023",
        "message": "gggg",
        "name": "atharva.",
        "time": "11:01 PM"
      },
      "-NgKUi8MC3LBx0EjX3Wd": {
        "date": "Oct 09, 2023",
        "message": "byeee",
        "name": "atharva.",
        "time": "11:01 PM"
      },
      "-NgKUj521Ye1ZV4RQhbZ": {
        "date": "Oct 09, 2023",
        "message": "goood ",
        "name": "Atharva Gujar🥰🥰",
        "time": "11:02 PM"
      },
      "-NgKUmnRw1eh_9ZfNgIx": {
        "date": "Oct 09, 2023",
        "message": "🥲🥲",
        "name": "Atharva Gujar🥰🥰",
        "time": "11:02 PM"
      },
      "-NgKUoWi6AHs7_6gIBtc": {
        "date": "Oct 09, 2023",
        "message": "😂😂",
        "name": "Atharva Gujar🥰🥰",
        "time": "11:02 PM"
      },
      "-NgKUuArdon6-KEk-nKy": {
        "date": "Oct 09, 2023",
        "message": ",qqdf,🥴🥴😄😄😁😁",
        "name": "atharva.",
        "time": "11:02 PM"
      },
      "-Nge1V3J_WlPwztBGmEv": {
        "date": "Oct 13, 2023",
        "message": "hiii",
        "name": "Atharva Gujar 👑",
        "time": "10:46 PM"
      },
      "-NhXBXEpkubHB2aSUpr5": {
        "date": "Oct 24, 2023",
        "message": "hi",
        "name": "Atharva Gujar 👑",
        "time": "08:28 PM"
      },
      "-NlSGCacJD2wbye6GCzi": {
        "date": "Dec 12, 2023",
        "message": "hello",
        "name": "Atharva Gujar 👑",
        "time": "02:34 PM"
      }
    },
    "euu gang😎": {
      "-NfVYxeoEqh3o3kw3jDf": {
        "date": "Sep 29, 2023",
        "message": "heyy",
        "name": "rockey😍",
        "time": "04:20 PM"
      },
      "-NfVackN5NEPunqIxEM7": {
        "date": "Sep 29, 2023",
        "message": "hiii",
        "name": "Atharva Gujar🥰🥰",
        "time": "04:32 PM"
      },
      "-NfVazPx5iPqqJPgD7pk": {
        "date": "Sep 29, 2023",
        "message": "gh8",
        "name": "Atharva Gujar🥰🥰",
        "time": "04:33 PM"
      },
      "-NfVb-8v8DPLfT3VdVna": {
        "date": "Sep 29, 2023",
        "message": "gii",
        "name": "Atharva Gujar🥰🥰",
        "time": "04:33 PM"
      },
      "-NfXFaHr4cRj1wG0LolQ": {
        "date": "Sep 30, 2023",
        "message": "heyy",
        "name": "rockey😍",
        "time": "12:15 AM"
      },
      "-NgA7xm4cp3aaEwaIstK": {
        "date": "Oct 07, 2023",
        "message": "hhi",
        "name": "atharva.",
        "time": "10:46 PM"
      },
      "-NgA7yBG4Cm8sDU1SM5O": {
        "date": "Oct 07, 2023",
        "message": "hoi",
        "name": "atharva.",
        "time": "10:46 PM"
      },
      "-NgA7yXgSX-a1yFO0PI1": {
        "date": "Oct 07, 2023",
        "message": "hii",
        "name": "atharva.",
        "time": "10:46 PM"
      },
      "-NgA7yuo0xH8jwbWEDXr": {
        "date": "Oct 07, 2023",
        "message": "bi",
        "name": "atharva.",
        "time": "10:46 PM"
      },
      "-NgA7zgFWUJwgg14mdT2": {
        "date": "Oct 07, 2023",
        "message": "bii",
        "name": "atharva.",
        "time": "10:46 PM"
      },
      "-NgA8-5fW6vgPVCJKj0m": {
        "date": "Oct 07, 2023",
        "message": "bj",
        "name": "atharva.",
        "time": "10:46 PM"
      },
      "-NgA8-a6n_YI_RA5Y3vo": {
        "date": "Oct 07, 2023",
        "message": "gii",
        "name": "atharva.",
        "time": "10:46 PM"
      },
      "-NgA80TRB3I7UI0KMii9": {
        "date": "Oct 07, 2023",
        "message": "hhhi",
        "name": "atharva.",
        "time": "10:46 PM"
      },
      "-NgA81LjFV5yJlYOUb1O": {
        "date": "Oct 07, 2023",
        "message": "yoo",
        "name": "atharva.",
        "time": "10:46 PM"
      },
      "-NgA826kOyTI2FxAh0gn": {
        "date": "Oct 07, 2023",
        "message": "hoo",
        "name": "atharva.",
        "time": "10:46 PM"
      },
      "-NgA83b4jQGrfyoZEQM8": {
        "date": "Oct 07, 2023",
        "message": ".",
        "name": "atharva.",
        "time": "10:46 PM"
      },
      "-NgA84953juiNpQxy28Z": {
        "date": "Oct 07, 2023",
        "message": ".\n",
        "name": "atharva.",
        "time": "10:46 PM"
      },
      "-NgA84Rwiw1HbVr3Et2l": {
        "date": "Oct 07, 2023",
        "message": ".",
        "name": "atharva.",
        "time": "10:46 PM"
      },
      "-NgA84k7nNJ2q4YDVODM": {
        "date": "Oct 07, 2023",
        "message": " ",
        "name": "atharva.",
        "time": "10:46 PM"
      },
      "-NgA85W56_iQYioJnGxY": {
        "date": "Oct 07, 2023",
        "message": "bgbb\nujj",
        "name": "atharva.",
        "time": "10:46 PM"
      },
      "-NgKUW4urgJJdfF03oQY": {
        "date": "Oct 09, 2023",
        "message": "hiii",
        "name": "atharva.",
        "time": "11:01 PM"
      },
      "-NhmBaFYrvibLcn46uz2": {
        "date": "Oct 27, 2023",
        "message": "hi",
        "name": "Atharva Gujar 👑",
        "time": "11:03 PM"
      }
    }
  },
  "Messages": {
    "4r3rNicocdNt0cxS2ixn48JEa3W2": {
      "eHN4pPq4nlMVUJ53kjOK4HZ83Z53": {
        "-Nh0nSy_i_0xOTHnaHsG": {
          "date": "Oct 18,2023",
          "from": "eHN4pPq4nlMVUJ53kjOK4HZ83Z53",
          "message": "https://firebasestorage.googleapis.com/v0/b/whatsapp-2422c.appspot.com/o/Video%20Files%2F-Nh0nSy_i_0xOTHnaHsG.mp4?alt=media&token=0d540a7b-e33f-486a-a6eb-cb6c504b6245",
          "messageID": "-Nh0nSy_i_0xOTHnaHsG",
          "name": "video:155738",
          "time": "01:27 PM",
          "to": "4r3rNicocdNt0cxS2ixn48JEa3W2",
          "type": "video"
        },
        "-Nh0ngB1Ggw858ZDiqV7": {
          "date": "Oct 18,2023",
          "from": "eHN4pPq4nlMVUJ53kjOK4HZ83Z53",
          "message": "https://firebasestorage.googleapis.com/v0/b/whatsapp-2422c.appspot.com/o/Image%20Files%2F-Nh0ngB1Ggw858ZDiqV7.jpg?alt=media&token=f29ea85b-d51f-4019-925e-3929cb3a7923",
          "messageID": "-Nh0ngB1Ggw858ZDiqV7",
          "name": "image:156046",
          "time": "01:27 PM",
          "to": "4r3rNicocdNt0cxS2ixn48JEa3W2",
          "type": "image"
        },
        "-Nh0nl2ciTAmCgh31q-T": {
          "date": "Oct 18,2023",
          "from": "eHN4pPq4nlMVUJ53kjOK4HZ83Z53",
          "message": "https://firebasestorage.googleapis.com/v0/b/whatsapp-2422c.appspot.com/o/Video%20Files%2F-Nh0nl2ciTAmCgh31q-T.mp4?alt=media&token=fa3b52e2-a61e-4568-a63c-6711bf2cd175",
          "messageID": "-Nh0nl2ciTAmCgh31q-T",
          "name": "video:155739",
          "time": "01:27 PM",
          "to": "4r3rNicocdNt0cxS2ixn48JEa3W2",
          "type": "video"
        }
      }
    },
    "WrBOUcvL6pVI2mnFsbdCDiRih552": {
      "eHN4pPq4nlMVUJ53kjOK4HZ83Z53": {
        "-Nh1YbTai4uIxb7jCvkB": {
          "date": "Oct 18,2023",
          "from": "WrBOUcvL6pVI2mnFsbdCDiRih552",
          "message": "https://firebasestorage.googleapis.com/v0/b/whatsapp-2422c.appspot.com/o/PDF%20Files%2F-Nh1YbTai4uIxb7jCvkB.pdf?alt=media&token=9e0994b9-dc3e-4ee0-b947-075d03ea64aa",
          "messageID": "-Nh1YbTai4uIxb7jCvkB",
          "name": "document:155933",
          "time": "05:01 PM",
          "to": "eHN4pPq4nlMVUJ53kjOK4HZ83Z53",
          "type": "pdf"
        },
        "-Nh1Yxytdwq7qdr7Rni6": {
          "date": "Oct 18,2023",
          "from": "WrBOUcvL6pVI2mnFsbdCDiRih552",
          "message": "https://firebasestorage.googleapis.com/v0/b/whatsapp-2422c.appspot.com/o/MS%20Document%20Files%2F-Nh1Yxytdwq7qdr7Rni6?alt=media&token=1e31230e-0000-4e7e-b329-c3a0f344a351",
          "messageID": "-Nh1Yxytdwq7qdr7Rni6",
          "name": "document:156440",
          "time": "05:03 PM",
          "to": "eHN4pPq4nlMVUJ53kjOK4HZ83Z53",
          "type": "docx"
        },
        "-NhjlyOqeDgZ0MUctR4r": {
          "date": "Oct 27,2023",
          "from": "WrBOUcvL6pVI2mnFsbdCDiRih552",
          "message": "https://firebasestorage.googleapis.com/v0/b/whatsapp-2422c.appspot.com/o/Image%20Files%2F-NhjlyOqeDgZ0MUctR4r.jpg?alt=media&token=623f6fe9-7010-4039-a3a2-1a64a71e69b7",
          "messageID": "-NhjlyOqeDgZ0MUctR4r",
          "name": "image:161229",
          "time": "11:47 AM",
          "to": "eHN4pPq4nlMVUJ53kjOK4HZ83Z53",
          "type": "image"
        },
        "-Nhjm3LHZk3yY9yB-XgW": {
          "date": "Oct 27,2023",
          "from": "WrBOUcvL6pVI2mnFsbdCDiRih552",
          "message": "https://firebasestorage.googleapis.com/v0/b/whatsapp-2422c.appspot.com/o/PDF%20Files%2F-Nhjm3LHZk3yY9yB-XgW.pdf?alt=media&token=1e7af16f-1faa-436f-bf23-46ae31072050",
          "messageID": "-Nhjm3LHZk3yY9yB-XgW",
          "name": "document:161152",
          "time": "11:47 AM",
          "to": "eHN4pPq4nlMVUJ53kjOK4HZ83Z53",
          "type": "pdf"
        },
        "-NhmBRtTMDukBTR6pKsW": {
          "date": "Oct 27,2023",
          "from": "WrBOUcvL6pVI2mnFsbdCDiRih552",
          "message": "hi",
          "messageID": "-NhmBRtTMDukBTR6pKsW",
          "time": "11:02 PM",
          "to": "eHN4pPq4nlMVUJ53kjOK4HZ83Z53",
          "type": "text"
        },
        "-NhocvcxGgE8bqwWJ7ll": {
          "date": "Oct 28,2023",
          "from": "WrBOUcvL6pVI2mnFsbdCDiRih552",
          "message": "hi",
          "messageID": "-NhocvcxGgE8bqwWJ7ll",
          "time": "10:26 AM",
          "to": "eHN4pPq4nlMVUJ53kjOK4HZ83Z53",
          "type": "text"
        },
        "-Nhocwzvgz1jUnDMpjZQ": {
          "date": "Oct 28,2023",
          "from": "WrBOUcvL6pVI2mnFsbdCDiRih552",
          "message": "https://firebasestorage.googleapis.com/v0/b/whatsapp-2422c.appspot.com/o/Image%20Files%2F-Nhocwzvgz1jUnDMpjZQ.jpg?alt=media&token=4ee8d5d5-4a21-4891-b4ec-8e00a997611d",
          "messageID": "-Nhocwzvgz1jUnDMpjZQ",
          "name": "image:161467",
          "time": "10:26 AM",
          "to": "eHN4pPq4nlMVUJ53kjOK4HZ83Z53",
          "type": "image"
        },
        "-NhoeXUu_thavEIWifHf": {
          "date": "Oct 28,2023",
          "from": "WrBOUcvL6pVI2mnFsbdCDiRih552",
          "message": "hii",
          "messageID": "-NhoeXUu_thavEIWifHf",
          "time": "10:33 AM",
          "to": "eHN4pPq4nlMVUJ53kjOK4HZ83Z53",
          "type": "text"
        },
        "-NhouboC5Dt1OLSlR48D": {
          "date": "Oct 28,2023",
          "from": "WrBOUcvL6pVI2mnFsbdCDiRih552",
          "message": "hii",
          "messageID": "-NhouboC5Dt1OLSlR48D",
          "time": "11:43 AM",
          "to": "eHN4pPq4nlMVUJ53kjOK4HZ83Z53",
          "type": "text"
        },
        "-NhzRvyppLbRGuXCsYSH": {
          "date": "Oct 30,2023",
          "from": "eHN4pPq4nlMVUJ53kjOK4HZ83Z53",
          "message": "hiii",
          "messageID": "-NhzRvyppLbRGuXCsYSH",
          "time": "12:49 PM",
          "to": "WrBOUcvL6pVI2mnFsbdCDiRih552",
          "type": "text"
        },
        "-NhzRxxSbyjsBPpT1KSc": {
          "date": "Oct 30,2023",
          "from": "eHN4pPq4nlMVUJ53kjOK4HZ83Z53",
          "message": "hello",
          "messageID": "-NhzRxxSbyjsBPpT1KSc",
          "time": "12:49 PM",
          "to": "WrBOUcvL6pVI2mnFsbdCDiRih552",
          "type": "text"
        },
        "-NhzS-G8kGUE_hTVTFSx": {
          "date": "Oct 30,2023",
          "from": "eHN4pPq4nlMVUJ53kjOK4HZ83Z53",
          "message": "how are you?😊",
          "messageID": "-NhzS-G8kGUE_hTVTFSx",
          "time": "12:49 PM",
          "to": "WrBOUcvL6pVI2mnFsbdCDiRih552",
          "type": "text"
        },
        "-NhzS2bQIaRKpjheyVEe": {
          "date": "Oct 30,2023",
          "from": "eHN4pPq4nlMVUJ53kjOK4HZ83Z53",
          "message": "welcome ",
          "messageID": "-NhzS2bQIaRKpjheyVEe",
          "time": "12:50 PM",
          "to": "WrBOUcvL6pVI2mnFsbdCDiRih552",
          "type": "text"
        }
      },
      "n7DCznp4HqND3XnfO0vzwzo3RsH2": {
        "-Nh1ZlL5BJK_cgvCVTEY": {
          "date": "Oct 18,2023",
          "from": "WrBOUcvL6pVI2mnFsbdCDiRih552",
          "message": "https://firebasestorage.googleapis.com/v0/b/whatsapp-2422c.appspot.com/o/Image%20Files%2F-Nh1ZlL5BJK_cgvCVTEY.jpg?alt=media&token=fb50c683-d239-476a-a918-5c7fda5722df",
          "messageID": "-Nh1ZlL5BJK_cgvCVTEY",
          "name": "image:156360",
          "time": "05:06 PM",
          "to": "n7DCznp4HqND3XnfO0vzwzo3RsH2",
          "type": "image"
        },
        "-Nh1_I_RTHMP56zMmwWq": {
          "date": "Oct 18,2023",
          "from": "WrBOUcvL6pVI2mnFsbdCDiRih552",
          "message": "hi",
          "messageID": "-Nh1_I_RTHMP56zMmwWq",
          "time": "05:09 PM",
          "to": "n7DCznp4HqND3XnfO0vzwzo3RsH2",
          "type": "text"
        },
        "-Nh1e6DVvu-DVm2GPQnF": {
          "date": "Oct 18,2023",
          "from": "WrBOUcvL6pVI2mnFsbdCDiRih552",
          "message": "https://firebasestorage.googleapis.com/v0/b/whatsapp-2422c.appspot.com/o/PDF%20Files%2F-Nh1e6DVvu-DVm2GPQnF.pdf?alt=media&token=1fba4489-d4a7-4e4e-8249-94c92bb7c540",
          "messageID": "-Nh1e6DVvu-DVm2GPQnF",
          "name": "document:155061",
          "time": "05:30 PM",
          "to": "n7DCznp4HqND3XnfO0vzwzo3RsH2",
          "type": "pdf"
        },
        "-Nh1fEUYaSsLG8jYNkRv": {
          "date": "Oct 18,2023",
          "from": "WrBOUcvL6pVI2mnFsbdCDiRih552",
          "message": "hiii",
          "messageID": "-Nh1fEUYaSsLG8jYNkRv",
          "time": "05:30 PM",
          "to": "n7DCznp4HqND3XnfO0vzwzo3RsH2",
          "type": "text"
        },
        "-Nh1fFevcbwJ7fKdC_yI": {
          "date": "Oct 18,2023",
          "from": "WrBOUcvL6pVI2mnFsbdCDiRih552",
          "message": "hello",
          "messageID": "-Nh1fFevcbwJ7fKdC_yI",
          "time": "05:30 PM",
          "to": "n7DCznp4HqND3XnfO0vzwzo3RsH2",
          "type": "text"
        },
        "-NhoUSha26bKEVn3sa76": {
          "date": "Oct 28,2023",
          "from": "WrBOUcvL6pVI2mnFsbdCDiRih552",
          "message": "hiii",
          "messageID": "-NhoUSha26bKEVn3sa76",
          "time": "09:44 AM",
          "to": "n7DCznp4HqND3XnfO0vzwzo3RsH2",
          "type": "text"
        },
        "-NhoUVea811YmW86_N2Z": {
          "date": "Oct 28,2023",
          "from": "WrBOUcvL6pVI2mnFsbdCDiRih552",
          "message": "https://firebasestorage.googleapis.com/v0/b/whatsapp-2422c.appspot.com/o/Image%20Files%2F-NhoUVea811YmW86_N2Z.jpg?alt=media&token=8b12f1e3-2c00-4a38-bd9e-0a3f74fab387",
          "messageID": "-NhoUVea811YmW86_N2Z",
          "name": "image:161435",
          "time": "09:44 AM",
          "to": "n7DCznp4HqND3XnfO0vzwzo3RsH2",
          "type": "image"
        },
        "-NiEQF0kpZEp2gaI0RJm": {
          "date": "Nov 02,2023",
          "from": "WrBOUcvL6pVI2mnFsbdCDiRih552",
          "message": "hii",
          "messageID": "-NiEQF0kpZEp2gaI0RJm",
          "time": "03:16 PM",
          "to": "n7DCznp4HqND3XnfO0vzwzo3RsH2",
          "type": "text"
        },
        "-NiEQHBheO_CT9_ZHmPn": {
          "date": "Nov 02,2023",
          "from": "WrBOUcvL6pVI2mnFsbdCDiRih552",
          "message": "https://firebasestorage.googleapis.com/v0/b/whatsapp-2422c.appspot.com/o/Image%20Files%2F-NiEQHBheO_CT9_ZHmPn.jpg?alt=media&token=bf9cb41f-9b8b-456f-8646-7cb1f9511833",
          "messageID": "-NiEQHBheO_CT9_ZHmPn",
          "name": "image:153633",
          "time": "03:16 PM",
          "to": "n7DCznp4HqND3XnfO0vzwzo3RsH2",
          "type": "image"
        },
        "-NjI4pvJSTUdjDzLSI5E": {
          "date": "Nov 15,2023",
          "from": "WrBOUcvL6pVI2mnFsbdCDiRih552",
          "message": "hii",
          "messageID": "-NjI4pvJSTUdjDzLSI5E",
          "time": "06:36 PM",
          "to": "n7DCznp4HqND3XnfO0vzwzo3RsH2",
          "type": "text"
        },
        "-NlClSzWS4A1wYt4rX9y": {
          "date": "Dec 09,2023",
          "from": "WrBOUcvL6pVI2mnFsbdCDiRih552",
          "message": "hii",
          "messageID": "-NlClSzWS4A1wYt4rX9y",
          "time": "02:20 PM",
          "to": "n7DCznp4HqND3XnfO0vzwzo3RsH2",
          "type": "text"
        },
        "-NlClUSDCLX1VeUjd_Ur": {
          "date": "Dec 09,2023",
          "from": "WrBOUcvL6pVI2mnFsbdCDiRih552",
          "message": "https://firebasestorage.googleapis.com/v0/b/whatsapp-2422c.appspot.com/o/Image%20Files%2F-NlClUSDCLX1VeUjd_Ur.jpg?alt=media&token=35ecabfd-9c43-4b07-99b7-6ef53eddb6fb",
          "messageID": "-NlClUSDCLX1VeUjd_Ur",
          "name": "image:153634",
          "time": "02:20 PM",
          "to": "n7DCznp4HqND3XnfO0vzwzo3RsH2",
          "type": "image"
        },
        "-NlSsJ57Q9Ze_3cTohGS": {
          "date": "Dec 12,2023",
          "from": "WrBOUcvL6pVI2mnFsbdCDiRih552",
          "message": "hiii",
          "messageID": "-NlSsJ57Q9Ze_3cTohGS",
          "time": "05:24 PM",
          "to": "n7DCznp4HqND3XnfO0vzwzo3RsH2",
          "type": "text"
        }
      }
    },
    "eHN4pPq4nlMVUJ53kjOK4HZ83Z53": {
      "4r3rNicocdNt0cxS2ixn48JEa3W2": {
        "-Nh0nSy_i_0xOTHnaHsG": {
          "date": "Oct 18,2023",
          "from": "eHN4pPq4nlMVUJ53kjOK4HZ83Z53",
          "message": "https://firebasestorage.googleapis.com/v0/b/whatsapp-2422c.appspot.com/o/Video%20Files%2F-Nh0nSy_i_0xOTHnaHsG.mp4?alt=media&token=0d540a7b-e33f-486a-a6eb-cb6c504b6245",
          "messageID": "-Nh0nSy_i_0xOTHnaHsG",
          "name": "video:155738",
          "time": "01:27 PM",
          "to": "4r3rNicocdNt0cxS2ixn48JEa3W2",
          "type": "video"
        },
        "-Nh0ngB1Ggw858ZDiqV7": {
          "date": "Oct 18,2023",
          "from": "eHN4pPq4nlMVUJ53kjOK4HZ83Z53",
          "message": "https://firebasestorage.googleapis.com/v0/b/whatsapp-2422c.appspot.com/o/Image%20Files%2F-Nh0ngB1Ggw858ZDiqV7.jpg?alt=media&token=f29ea85b-d51f-4019-925e-3929cb3a7923",
          "messageID": "-Nh0ngB1Ggw858ZDiqV7",
          "name": "image:156046",
          "time": "01:27 PM",
          "to": "4r3rNicocdNt0cxS2ixn48JEa3W2",
          "type": "image"
        },
        "-Nh0nl2ciTAmCgh31q-T": {
          "date": "Oct 18,2023",
          "from": "eHN4pPq4nlMVUJ53kjOK4HZ83Z53",
          "message": "https://firebasestorage.googleapis.com/v0/b/whatsapp-2422c.appspot.com/o/Video%20Files%2F-Nh0nl2ciTAmCgh31q-T.mp4?alt=media&token=fa3b52e2-a61e-4568-a63c-6711bf2cd175",
          "messageID": "-Nh0nl2ciTAmCgh31q-T",
          "name": "video:155739",
          "time": "01:27 PM",
          "to": "4r3rNicocdNt0cxS2ixn48JEa3W2",
          "type": "video"
        }
      },
      "WrBOUcvL6pVI2mnFsbdCDiRih552": {
        "-Nh1YbTai4uIxb7jCvkB": {
          "date": "Oct 18,2023",
          "from": "WrBOUcvL6pVI2mnFsbdCDiRih552",
          "message": "https://firebasestorage.googleapis.com/v0/b/whatsapp-2422c.appspot.com/o/PDF%20Files%2F-Nh1YbTai4uIxb7jCvkB.pdf?alt=media&token=9e0994b9-dc3e-4ee0-b947-075d03ea64aa",
          "messageID": "-Nh1YbTai4uIxb7jCvkB",
          "name": "document:155933",
          "time": "05:01 PM",
          "to": "eHN4pPq4nlMVUJ53kjOK4HZ83Z53",
          "type": "pdf"
        },
        "-Nh1Yxytdwq7qdr7Rni6": {
          "date": "Oct 18,2023",
          "from": "WrBOUcvL6pVI2mnFsbdCDiRih552",
          "message": "https://firebasestorage.googleapis.com/v0/b/whatsapp-2422c.appspot.com/o/MS%20Document%20Files%2F-Nh1Yxytdwq7qdr7Rni6?alt=media&token=1e31230e-0000-4e7e-b329-c3a0f344a351",
          "messageID": "-Nh1Yxytdwq7qdr7Rni6",
          "name": "document:156440",
          "time": "05:03 PM",
          "to": "eHN4pPq4nlMVUJ53kjOK4HZ83Z53",
          "type": "docx"
        },
        "-NhjlyOqeDgZ0MUctR4r": {
          "date": "Oct 27,2023",
          "from": "WrBOUcvL6pVI2mnFsbdCDiRih552",
          "message": "https://firebasestorage.googleapis.com/v0/b/whatsapp-2422c.appspot.com/o/Image%20Files%2F-NhjlyOqeDgZ0MUctR4r.jpg?alt=media&token=623f6fe9-7010-4039-a3a2-1a64a71e69b7",
          "messageID": "-NhjlyOqeDgZ0MUctR4r",
          "name": "image:161229",
          "time": "11:47 AM",
          "to": "eHN4pPq4nlMVUJ53kjOK4HZ83Z53",
          "type": "image"
        },
        "-Nhjm3LHZk3yY9yB-XgW": {
          "date": "Oct 27,2023",
          "from": "WrBOUcvL6pVI2mnFsbdCDiRih552",
          "message": "https://firebasestorage.googleapis.com/v0/b/whatsapp-2422c.appspot.com/o/PDF%20Files%2F-Nhjm3LHZk3yY9yB-XgW.pdf?alt=media&token=1e7af16f-1faa-436f-bf23-46ae31072050",
          "messageID": "-Nhjm3LHZk3yY9yB-XgW",
          "name": "document:161152",
          "time": "11:47 AM",
          "to": "eHN4pPq4nlMVUJ53kjOK4HZ83Z53",
          "type": "pdf"
        },
        "-NhmBRtTMDukBTR6pKsW": {
          "date": "Oct 27,2023",
          "from": "WrBOUcvL6pVI2mnFsbdCDiRih552",
          "message": "hi",
          "messageID": "-NhmBRtTMDukBTR6pKsW",
          "time": "11:02 PM",
          "to": "eHN4pPq4nlMVUJ53kjOK4HZ83Z53",
          "type": "text"
        },
        "-NhocvcxGgE8bqwWJ7ll": {
          "date": "Oct 28,2023",
          "from": "WrBOUcvL6pVI2mnFsbdCDiRih552",
          "message": "hi",
          "messageID": "-NhocvcxGgE8bqwWJ7ll",
          "time": "10:26 AM",
          "to": "eHN4pPq4nlMVUJ53kjOK4HZ83Z53",
          "type": "text"
        },
        "-Nhocwzvgz1jUnDMpjZQ": {
          "date": "Oct 28,2023",
          "from": "WrBOUcvL6pVI2mnFsbdCDiRih552",
          "message": "https://firebasestorage.googleapis.com/v0/b/whatsapp-2422c.appspot.com/o/Image%20Files%2F-Nhocwzvgz1jUnDMpjZQ.jpg?alt=media&token=4ee8d5d5-4a21-4891-b4ec-8e00a997611d",
          "messageID": "-Nhocwzvgz1jUnDMpjZQ",
          "name": "image:161467",
          "time": "10:26 AM",
          "to": "eHN4pPq4nlMVUJ53kjOK4HZ83Z53",
          "type": "image"
        },
        "-NhoeXUu_thavEIWifHf": {
          "date": "Oct 28,2023",
          "from": "WrBOUcvL6pVI2mnFsbdCDiRih552",
          "message": "hii",
          "messageID": "-NhoeXUu_thavEIWifHf",
          "time": "10:33 AM",
          "to": "eHN4pPq4nlMVUJ53kjOK4HZ83Z53",
          "type": "text"
        },
        "-NhouboC5Dt1OLSlR48D": {
          "date": "Oct 28,2023",
          "from": "WrBOUcvL6pVI2mnFsbdCDiRih552",
          "message": "hii",
          "messageID": "-NhouboC5Dt1OLSlR48D",
          "time": "11:43 AM",
          "to": "eHN4pPq4nlMVUJ53kjOK4HZ83Z53",
          "type": "text"
        },
        "-NhzRvyppLbRGuXCsYSH": {
          "date": "Oct 30,2023",
          "from": "eHN4pPq4nlMVUJ53kjOK4HZ83Z53",
          "message": "hiii",
          "messageID": "-NhzRvyppLbRGuXCsYSH",
          "time": "12:49 PM",
          "to": "WrBOUcvL6pVI2mnFsbdCDiRih552",
          "type": "text"
        },
        "-NhzRxxSbyjsBPpT1KSc": {
          "date": "Oct 30,2023",
          "from": "eHN4pPq4nlMVUJ53kjOK4HZ83Z53",
          "message": "hello",
          "messageID": "-NhzRxxSbyjsBPpT1KSc",
          "time": "12:49 PM",
          "to": "WrBOUcvL6pVI2mnFsbdCDiRih552",
          "type": "text"
        },
        "-NhzS-G8kGUE_hTVTFSx": {
          "date": "Oct 30,2023",
          "from": "eHN4pPq4nlMVUJ53kjOK4HZ83Z53",
          "message": "how are you?😊",
          "messageID": "-NhzS-G8kGUE_hTVTFSx",
          "time": "12:49 PM",
          "to": "WrBOUcvL6pVI2mnFsbdCDiRih552",
          "type": "text"
        },
        "-NhzS2bQIaRKpjheyVEe": {
          "date": "Oct 30,2023",
          "from": "eHN4pPq4nlMVUJ53kjOK4HZ83Z53",
          "message": "welcome ",
          "messageID": "-NhzS2bQIaRKpjheyVEe",
          "time": "12:50 PM",
          "to": "WrBOUcvL6pVI2mnFsbdCDiRih552",
          "type": "text"
        }
      },
      "n7DCznp4HqND3XnfO0vzwzo3RsH2": {
        "-Nh0qN75NUJQiuiR1q3m": {
          "date": "Oct 18,2023",
          "from": "eHN4pPq4nlMVUJ53kjOK4HZ83Z53",
          "message": "https://firebasestorage.googleapis.com/v0/b/whatsapp-2422c.appspot.com/o/Image%20Files%2F-Nh0qN75NUJQiuiR1q3m.jpg?alt=media&token=6d4262b9-22bf-486b-9123-2317aefe63cd",
          "messageID": "-Nh0qN75NUJQiuiR1q3m",
          "name": "image:156058",
          "time": "01:44 PM",
          "to": "n7DCznp4HqND3XnfO0vzwzo3RsH2",
          "type": "image"
        },
        "-Nh0rIa5FUNc6rocJYmy": {
          "date": "Oct 18,2023",
          "from": "n7DCznp4HqND3XnfO0vzwzo3RsH2",
          "message": "hii",
          "messageID": "-Nh0rIa5FUNc6rocJYmy",
          "time": "01:48 PM",
          "to": "eHN4pPq4nlMVUJ53kjOK4HZ83Z53",
          "type": "text"
        },
        "-Nh0rZM_pRnNkgNMMASR": {
          "date": "Oct 18,2023",
          "from": "n7DCznp4HqND3XnfO0vzwzo3RsH2",
          "message": "https://firebasestorage.googleapis.com/v0/b/whatsapp-2422c.appspot.com/o/Image%20Files%2F-Nh0rZM_pRnNkgNMMASR.jpg?alt=media&token=8efd9d33-cc06-4779-aa49-6f80fe0c4d09",
          "messageID": "-Nh0rZM_pRnNkgNMMASR",
          "name": "image:153458",
          "time": "01:48 PM",
          "to": "eHN4pPq4nlMVUJ53kjOK4HZ83Z53",
          "type": "image"
        }
      },
      "vZaNVG4R00Spmi07HzzsTg2CNGj1": {
        "-Nj0Plvvow0XXPSeiG6K": {
          "from": "vZaNVG4R00Spmi07HzzsTg2CNGj1",
          "message": "hi ",
          "type": "text"
        }
      }
    },
    "n7DCznp4HqND3XnfO0vzwzo3RsH2": {
      "WrBOUcvL6pVI2mnFsbdCDiRih552": {
        "-Nh1ZlL5BJK_cgvCVTEY": {
          "date": "Oct 18,2023",
          "from": "WrBOUcvL6pVI2mnFsbdCDiRih552",
          "message": "https://firebasestorage.googleapis.com/v0/b/whatsapp-2422c.appspot.com/o/Image%20Files%2F-Nh1ZlL5BJK_cgvCVTEY.jpg?alt=media&token=fb50c683-d239-476a-a918-5c7fda5722df",
          "messageID": "-Nh1ZlL5BJK_cgvCVTEY",
          "name": "image:156360",
          "time": "05:06 PM",
          "to": "n7DCznp4HqND3XnfO0vzwzo3RsH2",
          "type": "image"
        },
        "-Nh1_I_RTHMP56zMmwWq": {
          "date": "Oct 18,2023",
          "from": "WrBOUcvL6pVI2mnFsbdCDiRih552",
          "message": "hi",
          "messageID": "-Nh1_I_RTHMP56zMmwWq",
          "time": "05:09 PM",
          "to": "n7DCznp4HqND3XnfO0vzwzo3RsH2",
          "type": "text"
        },
        "-Nh1e6DVvu-DVm2GPQnF": {
          "date": "Oct 18,2023",
          "from": "WrBOUcvL6pVI2mnFsbdCDiRih552",
          "message": "https://firebasestorage.googleapis.com/v0/b/whatsapp-2422c.appspot.com/o/PDF%20Files%2F-Nh1e6DVvu-DVm2GPQnF.pdf?alt=media&token=1fba4489-d4a7-4e4e-8249-94c92bb7c540",
          "messageID": "-Nh1e6DVvu-DVm2GPQnF",
          "name": "document:155061",
          "time": "05:30 PM",
          "to": "n7DCznp4HqND3XnfO0vzwzo3RsH2",
          "type": "pdf"
        },
        "-Nh1fEUYaSsLG8jYNkRv": {
          "date": "Oct 18,2023",
          "from": "WrBOUcvL6pVI2mnFsbdCDiRih552",
          "message": "hiii",
          "messageID": "-Nh1fEUYaSsLG8jYNkRv",
          "time": "05:30 PM",
          "to": "n7DCznp4HqND3XnfO0vzwzo3RsH2",
          "type": "text"
        },
        "-Nh1fFevcbwJ7fKdC_yI": {
          "date": "Oct 18,2023",
          "from": "WrBOUcvL6pVI2mnFsbdCDiRih552",
          "message": "hello",
          "messageID": "-Nh1fFevcbwJ7fKdC_yI",
          "time": "05:30 PM",
          "to": "n7DCznp4HqND3XnfO0vzwzo3RsH2",
          "type": "text"
        },
        "-NhoUSha26bKEVn3sa76": {
          "date": "Oct 28,2023",
          "from": "WrBOUcvL6pVI2mnFsbdCDiRih552",
          "message": "hiii",
          "messageID": "-NhoUSha26bKEVn3sa76",
          "time": "09:44 AM",
          "to": "n7DCznp4HqND3XnfO0vzwzo3RsH2",
          "type": "text"
        },
        "-NhoUVea811YmW86_N2Z": {
          "date": "Oct 28,2023",
          "from": "WrBOUcvL6pVI2mnFsbdCDiRih552",
          "message": "https://firebasestorage.googleapis.com/v0/b/whatsapp-2422c.appspot.com/o/Image%20Files%2F-NhoUVea811YmW86_N2Z.jpg?alt=media&token=8b12f1e3-2c00-4a38-bd9e-0a3f74fab387",
          "messageID": "-NhoUVea811YmW86_N2Z",
          "name": "image:161435",
          "time": "09:44 AM",
          "to": "n7DCznp4HqND3XnfO0vzwzo3RsH2",
          "type": "image"
        },
        "-NiEQF0kpZEp2gaI0RJm": {
          "date": "Nov 02,2023",
          "from": "WrBOUcvL6pVI2mnFsbdCDiRih552",
          "message": "hii",
          "messageID": "-NiEQF0kpZEp2gaI0RJm",
          "time": "03:16 PM",
          "to": "n7DCznp4HqND3XnfO0vzwzo3RsH2",
          "type": "text"
        },
        "-NiEQHBheO_CT9_ZHmPn": {
          "date": "Nov 02,2023",
          "from": "WrBOUcvL6pVI2mnFsbdCDiRih552",
          "message": "https://firebasestorage.googleapis.com/v0/b/whatsapp-2422c.appspot.com/o/Image%20Files%2F-NiEQHBheO_CT9_ZHmPn.jpg?alt=media&token=bf9cb41f-9b8b-456f-8646-7cb1f9511833",
          "messageID": "-NiEQHBheO_CT9_ZHmPn",
          "name": "image:153633",
          "time": "03:16 PM",
          "to": "n7DCznp4HqND3XnfO0vzwzo3RsH2",
          "type": "image"
        },
        "-NjI4pvJSTUdjDzLSI5E": {
          "date": "Nov 15,2023",
          "from": "WrBOUcvL6pVI2mnFsbdCDiRih552",
          "message": "hii",
          "messageID": "-NjI4pvJSTUdjDzLSI5E",
          "time": "06:36 PM",
          "to": "n7DCznp4HqND3XnfO0vzwzo3RsH2",
          "type": "text"
        },
        "-NlClSzWS4A1wYt4rX9y": {
          "date": "Dec 09,2023",
          "from": "WrBOUcvL6pVI2mnFsbdCDiRih552",
          "message": "hii",
          "messageID": "-NlClSzWS4A1wYt4rX9y",
          "time": "02:20 PM",
          "to": "n7DCznp4HqND3XnfO0vzwzo3RsH2",
          "type": "text"
        },
        "-NlClUSDCLX1VeUjd_Ur": {
          "date": "Dec 09,2023",
          "from": "WrBOUcvL6pVI2mnFsbdCDiRih552",
          "message": "https://firebasestorage.googleapis.com/v0/b/whatsapp-2422c.appspot.com/o/Image%20Files%2F-NlClUSDCLX1VeUjd_Ur.jpg?alt=media&token=35ecabfd-9c43-4b07-99b7-6ef53eddb6fb",
          "messageID": "-NlClUSDCLX1VeUjd_Ur",
          "name": "image:153634",
          "time": "02:20 PM",
          "to": "n7DCznp4HqND3XnfO0vzwzo3RsH2",
          "type": "image"
        },
        "-NlSsJ57Q9Ze_3cTohGS": {
          "date": "Dec 12,2023",
          "from": "WrBOUcvL6pVI2mnFsbdCDiRih552",
          "message": "hiii",
          "messageID": "-NlSsJ57Q9Ze_3cTohGS",
          "time": "05:24 PM",
          "to": "n7DCznp4HqND3XnfO0vzwzo3RsH2",
          "type": "text"
        }
      },
      "eHN4pPq4nlMVUJ53kjOK4HZ83Z53": {
        "-Nh0qN75NUJQiuiR1q3m": {
          "date": "Oct 18,2023",
          "from": "eHN4pPq4nlMVUJ53kjOK4HZ83Z53",
          "message": "https://firebasestorage.googleapis.com/v0/b/whatsapp-2422c.appspot.com/o/Image%20Files%2F-Nh0qN75NUJQiuiR1q3m.jpg?alt=media&token=6d4262b9-22bf-486b-9123-2317aefe63cd",
          "messageID": "-Nh0qN75NUJQiuiR1q3m",
          "name": "image:156058",
          "time": "01:44 PM",
          "to": "n7DCznp4HqND3XnfO0vzwzo3RsH2",
          "type": "image"
        },
        "-Nh0rIa5FUNc6rocJYmy": {
          "date": "Oct 18,2023",
          "from": "n7DCznp4HqND3XnfO0vzwzo3RsH2",
          "message": "hii",
          "messageID": "-Nh0rIa5FUNc6rocJYmy",
          "time": "01:48 PM",
          "to": "eHN4pPq4nlMVUJ53kjOK4HZ83Z53",
          "type": "text"
        },
        "-Nh0rZM_pRnNkgNMMASR": {
          "date": "Oct 18,2023",
          "from": "n7DCznp4HqND3XnfO0vzwzo3RsH2",
          "message": "https://firebasestorage.googleapis.com/v0/b/whatsapp-2422c.appspot.com/o/Image%20Files%2F-Nh0rZM_pRnNkgNMMASR.jpg?alt=media&token=8efd9d33-cc06-4779-aa49-6f80fe0c4d09",
          "messageID": "-Nh0rZM_pRnNkgNMMASR",
          "name": "image:153458",
          "time": "01:48 PM",
          "to": "eHN4pPq4nlMVUJ53kjOK4HZ83Z53",
          "type": "image"
        }
      }
    },
    "vZaNVG4R00Spmi07HzzsTg2CNGj1": {
      "eHN4pPq4nlMVUJ53kjOK4HZ83Z53": {
        "-Nj0Plvvow0XXPSeiG6K": {
          "from": "vZaNVG4R00Spmi07HzzsTg2CNGj1",
          "message": "hi ",
          "type": "text"
        }
      }
    }
  },
  "Notifications": {
    "4r3rNicocdNt0cxS2ixn48JEa3W2": {
      "-Ngndw9FVPYY8GfWfqz0": {
        "from": "n7DCznp4HqND3XnfO0vzwzo3RsH2",
        "type": "request"
      }
    },
    "6Kl8X9CaYNeEsCRNPU0ZSrJ6s572": {
      "-NgndsKIx0tNjxaE4ALZ": {
        "from": "n7DCznp4HqND3XnfO0vzwzo3RsH2",
        "type": "request"
      },
      "-NjI4k9F4NN8jBnyrLgd": {
        "from": "WrBOUcvL6pVI2mnFsbdCDiRih552",
        "type": "request"
      }
    },
    "9mnJCeQ8VjQO5birtqWIJh3VY4N2": {
      "-NhXBauL8tUaTEMpLZLX": {
        "from": "WrBOUcvL6pVI2mnFsbdCDiRih552",
        "type": "request"
      },
      "-NhocsG8K1HpsykJf_O3": {
        "from": "WrBOUcvL6pVI2mnFsbdCDiRih552",
        "type": "request"
      },
      "-NhyzEdcOOEICl3-WcM0": {
        "from": "WrBOUcvL6pVI2mnFsbdCDiRih552",
        "type": "request"
      },
      "-NiEQS7tpm94bh1iLpB5": {
        "from": "WrBOUcvL6pVI2mnFsbdCDiRih552",
        "type": "request"
      }
    },
    "WrBOUcvL6pVI2mnFsbdCDiRih552": {
      "-NgndvD9IoHcVKzOqEdf": {
        "from": "n7DCznp4HqND3XnfO0vzwzo3RsH2",
        "type": "request"
      },
      "-NlCl-Jz3Ejf-iqLExLe": {
        "from": "US0K6dqxF3XtKEIbvxo9fsKX2au1",
        "type": "request"
      }
    },
    "eHN4pPq4nlMVUJ53kjOK4HZ83Z53": {
      "-NgndtHK6YPb5w98Pkso": {
        "from": "n7DCznp4HqND3XnfO0vzwzo3RsH2",
        "type": "request"
      },
      "-NgxiO1opuQmLq9oBMGi": {
        "from": "vZaNVG4R00Spmi07HzzsTg2CNGj1",
        "type": "request"
      },
      "-NhzRgbQapiMBS6UnWAG": {
        "from": "WrBOUcvL6pVI2mnFsbdCDiRih552",
        "type": "request"
      }
    },
    "gYdrd7E00Ua2cXCcamyUmp24yr32": {
      "-Ngy9-4wdEtt1Xy-SJB8": {
        "from": "vZaNVG4R00Spmi07HzzsTg2CNGj1",
        "type": "request"
      },
      "-NhoU9c_9xHoaiGke_rk": {
        "from": "WrBOUcvL6pVI2mnFsbdCDiRih552",
        "type": "request"
      }
    }
  },
  "Users": {
    "4r3rNicocdNt0cxS2ixn48JEa3W2": {
      "image": "https://firebasestorage.googleapis.com/v0/b/whatsapp-2422c.appspot.com/o/Users%2F4r3rNicocdNt0cxS2ixn48JEa3W2%2FProfile%20Images%2F4r3rNicocdNt0cxS2ixn48JEa3W2.jpg?alt=media&token=4831224a-0e27-43bd-b8e6-280512e867f2",
      "name": "atharva.",
      "status": "guj",
      "uid": "4r3rNicocdNt0cxS2ixn48JEa3W2"
    },
    "6Kl8X9CaYNeEsCRNPU0ZSrJ6s572": {
      "name": "rockey😍",
      "status": "helloo❤❤",
      "uid": "6Kl8X9CaYNeEsCRNPU0ZSrJ6s572"
    },
    "9mnJCeQ8VjQO5birtqWIJh3VY4N2": {
      "name": "milind",
      "status": "hiii",
      "uid": "9mnJCeQ8VjQO5birtqWIJh3VY4N2"
    },
    "US0K6dqxF3XtKEIbvxo9fsKX2au1": {
      "device_tokan": "com.google.android.gms.tasks.zzw@e5055ba",
      "name": "Sarvadnya",
      "status": "it's me...",
      "uid": "US0K6dqxF3XtKEIbvxo9fsKX2au1",
      "userState": {
        "date": "Dec 09,2023",
        "state": "offline",
        "time": "02:19 PM"
      }
    },
    "WrBOUcvL6pVI2mnFsbdCDiRih552": {
      "image": "https://firebasestorage.googleapis.com/v0/b/whatsapp-2422c.appspot.com/o/Users%2FWrBOUcvL6pVI2mnFsbdCDiRih552%2FProfile%20Images%2FWrBOUcvL6pVI2mnFsbdCDiRih552.jpg?alt=media&token=4831224a-0e27-43bd-b8e6-280512e867f2",
      "name": "Atharva Gujar 👑",
      "status": "😊",
      "uid": "WrBOUcvL6pVI2mnFsbdCDiRih552",
      "userState": {
        "date": "Dec 12,2023",
        "state": "offline",
        "time": "06:40 PM"
      }
    },
    "eHN4pPq4nlMVUJ53kjOK4HZ83Z53": {
      "device_tokan": "com.google.android.gms.tasks.zzw@bc64117",
      "image": "https://firebasestorage.googleapis.com/v0/b/whatsapp-2422c.appspot.com/o/Users%2FeHN4pPq4nlMVUJ53kjOK4HZ83Z53%2FProfile%20Images%2FeHN4pPq4nlMVUJ53kjOK4HZ83Z53.jpg?alt=media&token=4831224a-0e27-43bd-b8e6-280512e867f2",
      "name": "Atharva Gujar🥰🥰",
      "status": "hey , Friends ❤❤",
      "uid": "eHN4pPq4nlMVUJ53kjOK4HZ83Z53",
      "userState": {
        "date": "Oct 30,2023",
        "state": "offline",
        "time": "12:50 PM"
      }
    },
    "gYdrd7E00Ua2cXCcamyUmp24yr32": {
      "name": "Mansi",
      "status": "hii",
      "uid": "gYdrd7E00Ua2cXCcamyUmp24yr32"
    },
    "n7DCznp4HqND3XnfO0vzwzo3RsH2": {
      "device_tokan": "com.google.android.gms.tasks.zzw@e1513a2",
      "image": "https://firebasestorage.googleapis.com/v0/b/whatsapp-2422c.appspot.com/o/Users%2Fn7DCznp4HqND3XnfO0vzwzo3RsH2%2FProfile%20Images%2Fn7DCznp4HqND3XnfO0vzwzo3RsH2.jpg?alt=media&token=4831224a-0e27-43bd-b8e6-280512e867f2",
      "name": "oky",
      "status": "yo",
      "uid": "n7DCznp4HqND3XnfO0vzwzo3RsH2",
      "userState": {
        "date": "Oct 18,2023",
        "state": "offline",
        "time": "01:50 PM"
      }
    },
    "vZaNVG4R00Spmi07HzzsTg2CNGj1": {
      "name": "milind",
      "status": "hii\n",
      "uid": "vZaNVG4R00Spmi07HzzsTg2CNGj1",
      "userState": {
        "date": "Nov 19,2023",
        "state": "offline",
        "time": "12:53 PM"
      }
    }
  }
}